id,name,group_name
https://tver.jp/talents/t0004aa,NYCboys,""
https://tver.jp/talents/t0004a9,石川　遼,""
https://tver.jp/talents/t0004a8,小泉　孝太郎,""
https://tver.jp/talents/t0004a7,玉山　鉄二,""
https://tver.jp/talents/t0004a6,レミオロメン,""
https://tver.jp/talents/t0004a5,磯山　さやか,""
https://tver.jp/talents/t0004a4,松田　翔太,""
https://tver.jp/talents/t0004a3,夏帆,""
https://tver.jp/talents/t0004a2,西川　貴教,""
https://tver.jp/talents/t0004a1,川村　陽介,""
https://tver.jp/talents/t0004a0,ロバート,""
https://tver.jp/talents/t00049f,ネプチューン,""
https://tver.jp/talents/t00049e,観月　ありさ,""
https://tver.jp/talents/t00049d,藤本　美貴,""
https://tver.jp/talents/t00049c,VAMPS,""
https://tver.jp/talents/t00049b,雨上がり決死隊,""
https://tver.jp/talents/t00049a,ORANGE RANGE,""
https://tver.jp/talents/t000499,佐々木　蔵之介,""
https://tver.jp/talents/t000498,堂本　光一,KinKi Kids
https://tver.jp/talents/t000497,小倉　優子,""
https://tver.jp/talents/t000496,w‐inds.,""
https://tver.jp/talents/t000495,おぎやはぎ,""
https://tver.jp/talents/t000494,香里奈,""
https://tver.jp/talents/t000493,高橋　みなみ,ノースリーブス
https://tver.jp/talents/t000492,flumpool,""
https://tver.jp/talents/t000491,小島　よしお,""
https://tver.jp/talents/t000490,B'z,""
https://tver.jp/talents/t00048f,岡田　将生,""
https://tver.jp/talents/t00048e,ケンドーコバヤシ,""
https://tver.jp/talents/t00048d,田中　圭,""
https://tver.jp/talents/t00048c,フットボールアワー,""
https://tver.jp/talents/t00048b,土田　晃之,""
https://tver.jp/talents/t00048a,テゴマス,""
https://tver.jp/talents/t000489,眞鍋　かをり,""
https://tver.jp/talents/t000488,RIP SLYME,""
https://tver.jp/talents/t000487,長瀬　智也,""
https://tver.jp/talents/t000486,浅田　真央,""
https://tver.jp/talents/t000485,UVERworld,""
https://tver.jp/talents/t000484,KinKi Kids,""
https://tver.jp/talents/t000483,徳永　英明,""
https://tver.jp/talents/t000482,杉田　智和,""
https://tver.jp/talents/t000481,三浦　翔平,""
https://tver.jp/talents/t000480,林原　めぐみ,""
https://tver.jp/talents/t00047f,鳥居　みゆき,""
https://tver.jp/talents/t00047e,今田　耕司,""
https://tver.jp/talents/t00047d,西山　茉希,""
https://tver.jp/talents/t00047c,スキマスイッチ,""
https://tver.jp/talents/t00047b,松山　ケンイチ,""
https://tver.jp/talents/t00047a,とんねるず,""
https://tver.jp/talents/t000479,福田　沙紀,""
https://tver.jp/talents/t000478,岡本　玲,""
https://tver.jp/talents/t000477,五十嵐　隼士,""
https://tver.jp/talents/t000476,手越　祐也,""
https://tver.jp/talents/t000475,桜庭　ななみ,""
https://tver.jp/talents/t000474,大島　優子,""
https://tver.jp/talents/t000473,相武　紗季,""
https://tver.jp/talents/t000472,城田　優,""
https://tver.jp/talents/t000471,井上　真央,""
https://tver.jp/talents/t000470,釈　由美子,""
https://tver.jp/talents/t00046f,くりぃむしちゅー,""
https://tver.jp/talents/t00046e,山田　孝之,""
https://tver.jp/talents/t00046d,北乃　きい,""
https://tver.jp/talents/t00046c,堺　雅人,""
https://tver.jp/talents/t00046b,SPEED,""
https://tver.jp/talents/t00046a,上原　美優,""
https://tver.jp/talents/t000469,南沢　奈央,""
https://tver.jp/talents/t000468,絢香,""
https://tver.jp/talents/t000467,横山　裕,SUPER EIGHT
https://tver.jp/talents/t000466,深田　恭子,""
https://tver.jp/talents/t000465,佐々木　希,""
https://tver.jp/talents/t000464,L'Arc〜en〜Ciel,""
https://tver.jp/talents/t000463,Mr.Children,""
https://tver.jp/talents/t000462,浜崎　あゆみ,""
https://tver.jp/talents/t000461,はるな　愛,""
https://tver.jp/talents/t000460,赤西　仁,""
https://tver.jp/talents/t00045f,川島　海荷,""
https://tver.jp/talents/t00045e,FUJIWARA,""
https://tver.jp/talents/t00045d,ほしの　あき,""
https://tver.jp/talents/t00045c,天海　祐希,""
https://tver.jp/talents/t00045b,高岡　奏輔,""
https://tver.jp/talents/t00045a,中山　優馬,""
https://tver.jp/talents/t000459,吉高　由里子,""
https://tver.jp/talents/t000458,堂本　剛,KinKi Kids
https://tver.jp/talents/t000457,溝端　淳平,""
https://tver.jp/talents/t000456,岡田　准一,""
https://tver.jp/talents/t000455,仲間　由紀恵,""
https://tver.jp/talents/t000454,山田　涼介,Hey! Say! JUMP
https://tver.jp/talents/t000453,宇治原　史規,""
https://tver.jp/talents/t000452,サバンナ,""
https://tver.jp/talents/t000451,山本　裕典,""
https://tver.jp/talents/t000450,宮川　大輔,""
https://tver.jp/talents/t00044f,瀬戸　康史,""
https://tver.jp/talents/t00044e,ゆず,""
https://tver.jp/talents/t00044d,藤木　直人,""
https://tver.jp/talents/t00044c,ナインティナイン,""
https://tver.jp/talents/t00044b,ベッキー,""
https://tver.jp/talents/t00044a,椎名　林檎,東京事変
https://tver.jp/talents/t000449,千原　ジュニア,""
https://tver.jp/talents/t000448,小出　恵介,""
https://tver.jp/talents/t000447,ジュニア,""
https://tver.jp/talents/t000446,有吉　弘行,""
https://tver.jp/talents/t000445,釘宮　理恵,""
https://tver.jp/talents/t000444,篠田　麻里子,""
https://tver.jp/talents/t000443,松本　人志,ダウンタウン
https://tver.jp/talents/t000442,長澤　まさみ,""
https://tver.jp/talents/t000441,益若　つばさ,""
https://tver.jp/talents/t000440,麒麟,""
https://tver.jp/talents/t00043f,成宮　寛貴,""
https://tver.jp/talents/t00043e,GLAY,""
https://tver.jp/talents/t00043d,香取　慎吾,""
https://tver.jp/talents/t00043c,宮崎　あおい,""
https://tver.jp/talents/t00043b,平野　綾,""
https://tver.jp/talents/t00043a,V6,""
https://tver.jp/talents/t000439,コブクロ,""
https://tver.jp/talents/t000438,佐藤　隆太,""
https://tver.jp/talents/t000437,yui,FLOWER FLOWER
https://tver.jp/talents/t000436,千原兄弟,""
https://tver.jp/talents/t000435,AAA,""
https://tver.jp/talents/t000434,水樹　奈々,""
https://tver.jp/talents/t000433,倖田　來未,""
https://tver.jp/talents/t000432,優木　まおみ,""
https://tver.jp/talents/t000431,シド,""
https://tver.jp/talents/t000430,BIGBANG,""
https://tver.jp/talents/t00042f,水谷　豊,""
https://tver.jp/talents/t00042e,モーニング娘。'24,""
https://tver.jp/talents/t00042d,矢口　真里,""
https://tver.jp/talents/t00042c,木村　カエラ,""
https://tver.jp/talents/t00042b,NEWS,""
https://tver.jp/talents/t00042a,辻　希美,""
https://tver.jp/talents/t000429,北川　景子,""
https://tver.jp/talents/t000428,前田　敦子,""
https://tver.jp/talents/t000427,榮倉　奈々,""
https://tver.jp/talents/t000426,亀梨　和也,KAT-TUN
https://tver.jp/talents/t000425,島田　紳助,""
https://tver.jp/talents/t000424,三浦　春馬,""
https://tver.jp/talents/t000423,戸田　恵梨香,""
https://tver.jp/talents/t000422,いきものがかり,""
https://tver.jp/talents/t000421,明石家　さんま,""
https://tver.jp/talents/t000420,永山　瑛太,""
https://tver.jp/talents/t00041f,小池　徹平,""
https://tver.jp/talents/t00041e,バナナマン,""
https://tver.jp/talents/t00041d,大野　智,嵐
https://tver.jp/talents/t00041c,綾瀬　はるか,""
https://tver.jp/talents/t00041b,Hey!Say!JUMP,""
https://tver.jp/talents/t00041a,生田　斗真,""
https://tver.jp/talents/t000419,ロザン,""
https://tver.jp/talents/t000418,SMAP,""
https://tver.jp/talents/t000417,玉木　宏,""
https://tver.jp/talents/t000416,大泉　洋,""
https://tver.jp/talents/t000415,中居　正広,""
https://tver.jp/talents/t000414,ダウンタウン,""
https://tver.jp/talents/t000413,堀北　真希,""
https://tver.jp/talents/t000412,錦戸　亮,""
https://tver.jp/talents/t000411,上戸　彩,""
https://tver.jp/talents/t000410,DAIGO,""
https://tver.jp/talents/t00040f,福山　雅治,""
https://tver.jp/talents/t00040e,さまぁ〜ず,""
https://tver.jp/talents/t00040d,相葉　雅紀,嵐
https://tver.jp/talents/t00040c,中川　翔子,""
https://tver.jp/talents/t00040b,草なぎ　剛,""
https://tver.jp/talents/t00040a,新垣　結衣,""
https://tver.jp/talents/t000409,misono,""
https://tver.jp/talents/t000408,山下　智久,""
https://tver.jp/talents/t000407,向井　理,""
https://tver.jp/talents/t000406,次長課長,""
https://tver.jp/talents/t000405,大島　麻衣,""
https://tver.jp/talents/t000404,GACKT,""
https://tver.jp/talents/t000403,里田　まい,""
https://tver.jp/talents/t000402,二宮　和也,嵐
https://tver.jp/talents/t000401,小栗　旬,""
https://tver.jp/talents/t000400,水嶋　ヒロ,""
https://tver.jp/talents/t0003ff,木村　拓哉,""
https://tver.jp/talents/t0003fe,ライセンス,""
https://tver.jp/talents/t0003fd,スザンヌ,""
https://tver.jp/talents/t0003fc,KAT-TUN,""
https://tver.jp/talents/t0003fb,南　明奈,""
https://tver.jp/talents/t0003fa,野久保　直樹,""
https://tver.jp/talents/t0003f9,SUPER EIGHT,""
https://tver.jp/talents/t0003f8,松本　潤,嵐
https://tver.jp/talents/t0003f7,木下　優樹菜,""
https://tver.jp/talents/t0003f6,つるの　剛士,""
https://tver.jp/talents/t0003f5,市原　隼人,""
https://tver.jp/talents/t0003f4,櫻井　翔,嵐
https://tver.jp/talents/t0003f3,佐藤　健,""
https://tver.jp/talents/t0003f2,Perfume,""
https://tver.jp/talents/t0003f1,チュートリアル,""
https://tver.jp/talents/t0003f0,NON STYLE,""
https://tver.jp/talents/t0003ef,上地　雄輔,""
https://tver.jp/talents/t0003ee,はんにゃ.,""
https://tver.jp/talents/t0003ed,EXILE,""
https://tver.jp/talents/t0003ec,AKB48,""
https://tver.jp/talents/t0003eb,東方神起,""
https://tver.jp/talents/t0003ea,オードリー,""
https://tver.jp/talents/t0003e9,嵐,""
